Timestamp,"FIRST NAME of STUDENT asking you to complete this survey (OPTIONAL, but required for student to receive credit) ",your gender,your age,How would you best describe your snack preferences?,"Of the following options, which is your favorite ice cream flavor?","Please select your topping preferences for your ice cream (as few or as many as you like, SKIP IF YOU PREFER NO TOPPINGS) ",(inedible) cup or (edible) cone/bowl?,How many scoops?
10/8/2020 12:39:26,Hyrum,Male,42,savory,vanilla,"caramel, hot fudge, nuts, whipped cream",waffle cup/bowl,3
10/8/2020 13:27:22,Hyrum,Male,30,sweet,cookies and cream,"gummies, whipped cream, cherry on top",cake cone/bowl,2
10/8/2020 13:34:02,,Male,43,sweet,mint,hot fudge,waffle cone/bowl,1
10/8/2020 13:34:16,Hyrum,Female,34,savory,salted caramel or butterscotch,"nuts, cherry on top","just a cup, please. No cone/bowl.",2
10/8/2020 13:34:58,Hyrum,Male,30,savory,salted caramel or butterscotch,nuts,"just a cup, please. No cone/bowl.",3
10/8/2020 13:35:56,Hyrum,Male,31,savory,mint,"gummies, M&Ms (or other chocolate candies), whipped cream",waffle cone/bowl,2
10/8/2020 13:36:51,Hyrum,Female,41,savory,salted caramel or butterscotch,nuts,waffle cone/bowl,1
10/8/2020 13:37:55,Hyrum,Male,13,sweet,cookie dough,"caramel, M&Ms (or other chocolate candies), whipped cream","just a cup, please. No cone/bowl.",2
10/8/2020 13:38:51,Hyrum,Male,11,sweet,cookies and cream,"caramel, hot fudge, gummies",waffle cone/bowl,3
10/8/2020 13:39:29,Hyrum,Male,9,sweet,vanilla,"hot fudge, M&Ms (or other chocolate candies), nuts, whipped cream","just a cup, please. No cone/bowl.",3
10/8/2020 13:40:12,Hyrum,Female,7,sweet,cookie dough,"sprinkles, gummies, M&Ms (or other chocolate candies), nuts",waffle cone/bowl,2
10/8/2020 13:40:42,Hyrum,Female,4,sweet,sherbet (any flavor),sprinkles,"just a cup, please. No cone/bowl.",1
10/8/2020 13:45:15,Hyrum,Male,50,salty,salted caramel or butterscotch,hot fudge,waffle cone/bowl,2
10/8/2020 14:02:20,Hyrum,Male,36,savory,sherbet (any flavor),gummies,waffle cone/bowl,1
10/8/2020 14:14:44,hyrum anderson,Male,36,savory,salted caramel or butterscotch,hot fudge,"just a cup, please. No cone/bowl.",3
10/8/2020 14:17:42,,Male,42,sweet,sherbet (any flavor),nuts,waffle cone/bowl,1
10/8/2020 14:25:11,,Female,54,savory,salted caramel or butterscotch,nuts,waffle cone/bowl,2
10/8/2020 15:11:40,Heather,Female,34,sweet,vanilla,cherry on top,waffle cone/bowl,2
10/8/2020 15:17:36,,Male,31,savory,chocolate,"hot fudge, whipped cream",waffle cone/bowl,2
10/8/2020 15:35:35,,Female,44,sweet,chocolate,"sprinkles, hot fudge, nuts, whipped cream, cherry on top",waffle cone/bowl,2
10/8/2020 15:53:41,,Male,31,salty,mint,sprinkles,"just a cup, please. No cone/bowl.",1
10/8/2020 16:19:09,,Female,31,salty,salted caramel or butterscotch,"sprinkles, caramel, hot fudge, gummies, nuts, cherry on top",waffle cone/bowl,1
10/8/2020 16:19:48,Hyrum,Male,38,sweet,cookies and cream,"caramel, hot fudge, M&Ms (or other chocolate candies)","just a cup, please. No cone/bowl.",2
10/8/2020 16:44:56,,Male,37,salty,mint,hot fudge,"just a cup, please. No cone/bowl.",1
10/8/2020 16:47:56,@drhyrum,Male,29,salty,cookie dough,"M&Ms (or other chocolate candies), whipped cream",waffle cone/bowl,2
10/8/2020 17:32:35,Hyrum,Male,37,sweet,cookies and cream,caramel,"just a cup, please. No cone/bowl.",3
10/8/2020 21:15:24,,Female,35,sweet,salted caramel or butterscotch,"caramel, hot fudge, nuts, whipped cream, cherry on top",waffle cone/bowl,1
10/8/2020 21:35:32,,Female,39,salty,cookie dough,"caramel, hot fudge",waffle cone/bowl,2
10/8/2020 21:50:08,,Female,34,sweet,cookie dough,"gummies, nuts, whipped cream, cherry on top","just a cup, please. No cone/bowl.",2
10/8/2020 22:06:44,Hyrum,Female,29,sweet,mint,hot fudge,waffle cone/bowl,2
10/8/2020 22:32:28,Gus,Male,51,savory,chocolate,hot fudge,waffle cone/bowl,1
10/9/2020 3:35:30,Dr. Hyrum Anderson aka nicest smartest dude I know,Male,35,salty,vanilla,whipped cream,"just a cup, please. No cone/bowl.",2
10/9/2020 4:21:22,Hyrum,Male,29,savory,chocolate,"hot fudge, M&Ms (or other chocolate candies)","just a cup, please. No cone/bowl.",1
10/9/2020 5:14:48,,Female,39,salty,cookie dough,"caramel, hot fudge",waffle cone/bowl,2
10/9/2020 6:10:02,Alejandro,Male,40,salty,chocolate,caramel,"just a cup, please. No cone/bowl.",3
10/9/2020 6:34:42,,Female,37,sweet,chocolate,"hot fudge, nuts","just a cup, please. No cone/bowl.",2
10/9/2020 7:09:43,,Female,37,sweet,cookies and cream,"hot fudge, M&Ms (or other chocolate candies), nuts","just a cup, please. No cone/bowl.",1
10/9/2020 7:43:38,,Male,43,sweet,salted caramel or butterscotch,"sprinkles, caramel, hot fudge",waffle cone/bowl,2
10/9/2020 7:43:49,David,Female,40,salty,strawberry,"caramel, hot fudge, whipped cream",waffle cone/bowl,1
10/9/2020 7:48:49,David,Female,32,salty,cookies and cream,"caramel, hot fudge","just a cup, please. No cone/bowl.",2
10/9/2020 7:50:01,David,Male,7,sweet,cookies and cream,"sprinkles, caramel, hot fudge, gummies, M&Ms (or other chocolate candies), whipped cream, cherry on top",waffle cone/bowl,3
10/9/2020 7:51:54,David,Male,25,sweet,strawberry,"hot fudge, M&Ms (or other chocolate candies), whipped cream",cake cone/bowl,3
10/9/2020 7:53:26,David,Female,32,savory,sherbet (any flavor),"hot fudge, nuts","just a cup, please. No cone/bowl.",3
10/9/2020 8:01:43,,Female,39,sweet,cookies and cream,"hot fudge, nuts","just a cup, please. No cone/bowl.",3
10/9/2020 8:02:38,David,Female,49,sweet,chocolate,"caramel, hot fudge, nuts",waffle cone/bowl,3
10/9/2020 8:08:38,David ,Female,42,sweet,salted caramel or butterscotch,"caramel, hot fudge, nuts","just a cup, please. No cone/bowl.",2
10/9/2020 8:13:25,David Sorensen ,Female,33,sweet,chocolate,"caramel, hot fudge, nuts",waffle cone/bowl,2
10/9/2020 8:15:44,David,Female,31,savory,strawberry,"sprinkles, caramel, hot fudge, gummies, M&Ms (or other chocolate candies), whipped cream","just a cup, please. No cone/bowl.",1
10/9/2020 8:20:30,David,Female,57,sweet,chocolate,"M&Ms (or other chocolate candies), nuts",waffle cone/bowl,2
10/9/2020 8:32:14,David Sorenson,Male,72,sweet,chocolate,hot fudge,waffle cone/bowl,1
10/9/2020 8:33:50,David,Female,40,savory,salted caramel or butterscotch,"caramel, hot fudge, M&Ms (or other chocolate candies), whipped cream",waffle cone/bowl,2
10/9/2020 8:35:29,David,Female,42,sweet,chocolate,hot fudge,sugar cone/bowl,1
10/9/2020 8:38:11,Hyrum,Male,31,sweet,cookie dough,hot fudge,waffle cone/bowl,2
10/9/2020 8:39:40,Brenda ,Female,24,sweet,mint,"whipped cream, cherry on top",waffle cone/bowl,3
10/9/2020 8:40:01,David,Female,45,sweet,cookies and cream,"caramel, hot fudge, nuts, whipped cream",waffle cone/bowl,2
10/9/2020 8:41:50,David ,Female,46,sweet,mint,hot fudge,cake cone/bowl,1
10/9/2020 8:48:15,David,Female,34,sweet,cookie dough,"caramel, hot fudge, M&Ms (or other chocolate candies)","just a cup, please. No cone/bowl.",2
10/9/2020 8:49:08,,Female,64,sweet,chocolate,hot fudge,waffle cone/bowl,1
10/9/2020 8:51:52,David,Female,64,sweet,chocolate,"caramel, hot fudge","just a cup, please. No cone/bowl.",2
10/9/2020 8:53:46,,Male,30,sweet,chocolate,"hot fudge, M&Ms (or other chocolate candies), whipped cream, cherry on top","just a cup, please. No cone/bowl.",3
10/9/2020 8:58:45,,Female,34,sweet,salted caramel or butterscotch,"caramel, hot fudge","just a cup, please. No cone/bowl.",2
10/9/2020 9:00:15,,Female,51,sweet,cookie dough,"caramel, hot fudge","just a cup, please. No cone/bowl.",1
10/9/2020 9:06:48,David,Female,35,sweet,salted caramel or butterscotch,"caramel, cherry on top",waffle cone/bowl,2
10/9/2020 9:20:08,David,Female,38,sweet,vanilla,"sprinkles, caramel, whipped cream, cherry on top",waffle cone/bowl,1
10/9/2020 9:21:24,David,Male,39,savory,cookie dough,"sprinkles, hot fudge, cherry on top",waffle cone/bowl,2
10/9/2020 9:22:07,David,Female,32,sweet,cookies and cream,nuts,waffle cone/bowl,2
10/9/2020 9:31:58,David,Female,57,salty,chocolate,hot fudge,waffle cone/bowl,2
10/9/2020 9:32:17,David Sorenson,Female,35,sweet,cookies and cream,"hot fudge, nuts, whipped cream","just a cup, please. No cone/bowl.",2
10/9/2020 9:36:08,David,Male,37,savory,vanilla,"caramel, hot fudge",cake cone/bowl,2
10/9/2020 9:37:16,David,Female,11,sweet,cookies and cream,"sprinkles, caramel, hot fudge, gummies, M&Ms (or other chocolate candies), whipped cream",waffle cone/bowl,3
10/9/2020 9:40:42,David,Female,31,salty,mint,hot fudge,sugar cone/bowl,1
10/9/2020 9:40:50,Legacy Family school co-op,Female,45,sweet,chocolate,"caramel, hot fudge, whipped cream","just a cup, please. No cone/bowl.",2
10/9/2020 9:54:57,David ,Female,64,savory,mint,hot fudge,cake cone/bowl,1
10/9/2020 9:57:31,David,Female,29,sweet,salted caramel or butterscotch,"caramel, hot fudge, nuts, cherry on top","just a cup, please. No cone/bowl.",1
10/9/2020 9:58:29,David,Male,33,sweet,mint,cherry on top,waffle cone/bowl,2
10/9/2020 10:01:11,David Sorenson ,Female,28,sweet,mint,"hot fudge, whipped cream, cherry on top","just a cup, please. No cone/bowl.",2
10/9/2020 10:04:07,,Female,35,sweet,salted caramel or butterscotch,"caramel, hot fudge, nuts, whipped cream, cherry on top",waffle cone/bowl,1
10/9/2020 10:05:16,David,Male,21,sweet,chocolate,"caramel, hot fudge, nuts, whipped cream, cherry on top","just a cup, please. No cone/bowl.",2
10/9/2020 10:07:24,David Sorenson,Female,37,sweet,cookies and cream,hot fudge,sugar cone/bowl,3
10/9/2020 10:24:32,David,Female,48,sweet,vanilla,"caramel, hot fudge, nuts, whipped cream","just a cup, please. No cone/bowl.",1
10/9/2020 10:26:59,David,Female,13,sweet,chocolate,"caramel, hot fudge, gummies, whipped cream, cherry on top",cake cone/bowl,2
10/9/2020 10:27:11,David,Female,53,salty,vanilla,"hot fudge, nuts, whipped cream","just a cup, please. No cone/bowl.",3
10/9/2020 10:28:21,David,Female,15,sweet,sherbet (any flavor),"caramel, M&Ms (or other chocolate candies), cherry on top",cake cone/bowl,3
10/9/2020 10:30:13,David,Female,7,sweet,cookie dough,"sprinkles, caramel, hot fudge, gummies, whipped cream, cherry on top",waffle cone/bowl,3
10/9/2020 10:31:03,David,Female,8,sweet,sherbet (any flavor),"sprinkles, caramel, hot fudge, gummies, cherry on top",waffle cone/bowl,3
10/9/2020 10:32:23,David,Male,39,savory,chocolate,"caramel, gummies, M&Ms (or other chocolate candies), whipped cream, cherry on top",waffle cone/bowl,3
10/9/2020 10:33:40,David,Female,38,sweet,chocolate,"caramel, hot fudge, nuts, whipped cream",waffle cone/bowl,2
10/9/2020 10:35:58,,Male,10,sweet,salted caramel or butterscotch,"caramel, gummies, M&Ms (or other chocolate candies)",cake cone/bowl,2
10/9/2020 10:37:53,David,Female,5,sweet,sherbet (any flavor),"sprinkles, caramel, hot fudge, gummies, M&Ms (or other chocolate candies), whipped cream, cherry on top",waffle cone/bowl,3
10/9/2020 10:41:00,David,Female,36,sweet,mint,"hot fudge, whipped cream","just a cup, please. No cone/bowl.",2
10/9/2020 10:42:49,David,Female,32,sweet,vanilla,caramel,"just a cup, please. No cone/bowl.",2
10/9/2020 10:45:53,David,Female,40,salty,cookies and cream,"caramel, hot fudge, nuts, whipped cream, cherry on top",sugar cone/bowl,3
10/9/2020 10:46:08,David,Male,4,sweet,strawberry,"sprinkles, gummies, M&Ms (or other chocolate candies), nuts, whipped cream, cherry on top",cake cone/bowl,1
10/9/2020 10:48:55,David,Male,5,salty,strawberry,"sprinkles, M&Ms (or other chocolate candies), cherry on top",cake cone/bowl,3
10/9/2020 10:49:50,David Sorenson ,Female,80,sweet,vanilla,"hot fudge, cherry on top","just a cup, please. No cone/bowl.",1
10/9/2020 10:50:50,Naomi Brown ,Female,55,sweet,chocolate,hot fudge,waffle cone/bowl,1
10/9/2020 10:53:10,David,Male,33,savory,mint,nuts,waffle cone/bowl,2
10/9/2020 10:53:59,David,Male,7,sweet,strawberry,"M&Ms (or other chocolate candies), whipped cream, cherry on top",cake cone/bowl,2
10/9/2020 10:57:02,David,Female,34,sweet,chocolate,"sprinkles, M&Ms (or other chocolate candies), whipped cream, cherry on top",waffle cone/bowl,3
10/9/2020 10:58:16,David,Male,41,sweet,chocolate,hot fudge,"just a cup, please. No cone/bowl.",3
10/9/2020 10:58:53,David ,Female,29,sweet,chocolate,"caramel, M&Ms (or other chocolate candies), nuts, whipped cream",waffle cone/bowl,3
10/9/2020 11:06:52,David Sorensen,Female,39,sweet,cookie dough,"hot fudge, whipped cream","just a cup, please. No cone/bowl.",2
10/9/2020 11:40:19,David,Male,76,sweet,chocolate,"hot fudge, nuts","just a cup, please. No cone/bowl.",3
10/9/2020 12:50:19,David,Female,58,salty,strawberry,"caramel, whipped cream","just a cup, please. No cone/bowl.",2
10/9/2020 12:56:55,David,Female,70,sweet,mint,hot fudge,waffle cone/bowl,2
10/9/2020 13:00:25,David Sorenson,Male,70,sweet,strawberry,cherry on top,"just a cup, please. No cone/bowl.",2
10/9/2020 13:46:41,Savid,Female,34,sweet,salted caramel or butterscotch,"caramel, hot fudge, M&Ms (or other chocolate candies), nuts, whipped cream","just a cup, please. No cone/bowl.",2
10/9/2020 14:08:04,David,Female,31,sweet,mint,"caramel, hot fudge","just a cup, please. No cone/bowl.",2
10/9/2020 14:16:48,David Sorenson,Female,40,salty,chocolate,caramel,"just a cup, please. No cone/bowl.",2
10/9/2020 14:22:59,David,Female,39,sweet,chocolate,"caramel, hot fudge, M&Ms (or other chocolate candies)","just a cup, please. No cone/bowl.",2
10/9/2020 15:23:34,David Sorenson,Female,66,sweet,salted caramel or butterscotch,"caramel, hot fudge, nuts, whipped cream, cherry on top",waffle cone/bowl,2
10/9/2020 15:54:45,David,Female,44,sweet,salted caramel or butterscotch,"caramel, hot fudge","just a cup, please. No cone/bowl.",2
10/9/2020 16:13:03,Sharon,Female,60,sweet,vanilla,"hot fudge, nuts, whipped cream",sugar cone/bowl,2
10/9/2020 17:24:24,David,Female,41,sweet,vanilla,"caramel, M&Ms (or other chocolate candies), nuts",waffle cone/bowl,2
10/9/2020 17:56:24,David Sorenson,Female,34,salty,chocolate,"hot fudge, M&Ms (or other chocolate candies)","just a cup, please. No cone/bowl.",2
10/9/2020 18:16:23,David,Female,46,salty,mint,hot fudge,"just a cup, please. No cone/bowl.",1
10/9/2020 18:21:40,David,Male,51,sweet,vanilla,"caramel, gummies, M&Ms (or other chocolate candies)",sugar cone/bowl,2
10/9/2020 18:54:37,,Male,37,sweet,cookie dough,"caramel, hot fudge, M&Ms (or other chocolate candies), nuts",sugar cone/bowl,3
10/9/2020 19:07:39,David,Male,46,sweet,cookie dough,"caramel, hot fudge, M&Ms (or other chocolate candies), nuts, whipped cream, cherry on top",waffle cone/bowl,2
10/9/2020 19:08:44,Scott Watkins,Male,46,sweet,salted caramel or butterscotch,caramel,cake cone/bowl,1
10/9/2020 19:14:41,Scott,Male,5,salty,chocolate,"sprinkles, hot fudge, gummies, M&Ms (or other chocolate candies), whipped cream","just a cup, please. No cone/bowl.",3
10/9/2020 19:15:07,Scott,Female,42,sweet,mint,hot fudge,waffle cone/bowl,2
10/9/2020 19:15:21,David Sorenson ,Female,37,savory,cookies and cream,"hot fudge, cherry on top","just a cup, please. No cone/bowl.",2
10/9/2020 19:18:30,Scott,Male,7,sweet,cookie dough,"caramel, hot fudge, gummies, nuts, whipped cream, cherry on top",waffle cone/bowl,1
10/9/2020 19:18:46,Scott,Female,71,salty,vanilla,"caramel, hot fudge, nuts",waffle cone/bowl,1
10/9/2020 19:19:25,Scott,Female,41,salty,chocolate,"hot fudge, M&Ms (or other chocolate candies), nuts, whipped cream, cherry on top",waffle cone/bowl,2
10/9/2020 19:19:31,Scott Watkins,Female,52,salty,chocolate,hot fudge,waffle cone/bowl,2
10/9/2020 19:20:38,Scott,Male,44,savory,salted caramel or butterscotch,"hot fudge, nuts",waffle cone/bowl,2
10/9/2020 19:30:09,,Female,49,sweet,cookie dough,hot fudge,waffle cone/bowl,1
10/9/2020 19:32:26,Kevin ,Male,53,sweet,salted caramel or butterscotch,"caramel, whipped cream",waffle cone/bowl,2
10/9/2020 19:35:45,Scott,Female,42,savory,salted caramel or butterscotch,"sprinkles, caramel, M&Ms (or other chocolate candies)","just a cup, please. No cone/bowl.",1
10/9/2020 19:38:23,Logan,Male,11,savory,cookies and cream,"sprinkles, hot fudge, gummies","just a cup, please. No cone/bowl.",2
10/9/2020 19:42:21,Sam Watkins,Female,75,salty,salted caramel or butterscotch,M&Ms (or other chocolate candies),waffle cone/bowl,2
10/9/2020 19:42:40,David,Female,80,salty,salted caramel or butterscotch,caramel,waffle cone/bowl,2
10/9/2020 19:46:17,Scott Watkins ,Female,35,savory,vanilla,hot fudge,"just a cup, please. No cone/bowl.",1
10/9/2020 19:46:38,Scott,Female,45,sweet,cookie dough,"sprinkles, caramel, hot fudge, M&Ms (or other chocolate candies)","just a cup, please. No cone/bowl.",2
10/9/2020 19:47:22,,Male,32,sweet,mint,hot fudge,waffle cone/bowl,2
10/9/2020 19:50:45,Pam,Female,47,sweet,mint,M&Ms (or other chocolate candies),"just a cup, please. No cone/bowl.",1
10/9/2020 19:51:23,,Female,34,sweet,salted caramel or butterscotch,"caramel, hot fudge","just a cup, please. No cone/bowl.",2
10/9/2020 20:00:15,Scott,Female,39,salty,salted caramel or butterscotch,"caramel, hot fudge, nuts, whipped cream",waffle cone/bowl,3
10/9/2020 20:02:26,Scott Watkins,Female,34,sweet,cookie dough,"gummies, M&Ms (or other chocolate candies), nuts",waffle cone/bowl,2
10/9/2020 20:09:55,David,Female,54,salty,cookies and cream,caramel,waffle cone/bowl,1
10/9/2020 20:10:46,,Female,71,sweet,salted caramel or butterscotch,"caramel, nuts, whipped cream, cherry on top",waffle cone/bowl,1
10/9/2020 20:13:19,David Sorenson ,Female,40,sweet,chocolate,hot fudge,"just a cup, please. No cone/bowl.",3
10/9/2020 20:18:44,Scott,Female,33,salty,salted caramel or butterscotch,"caramel, nuts, whipped cream",waffle cone/bowl,2
10/9/2020 20:19:18,Scott,Male,53,sweet,salted caramel or butterscotch,"caramel, whipped cream",waffle cone/bowl,2
10/9/2020 20:27:52,Scott,Prefer not to say,30,sweet,chocolate,"caramel, whipped cream","just a cup, please. No cone/bowl.",1
10/9/2020 20:35:14,Scott,Male,51,sweet,mint,"hot fudge, nuts, whipped cream, cherry on top",sugar cone/bowl,2
10/9/2020 20:42:18,Scott,Female,37,salty,cookies and cream,hot fudge,"just a cup, please. No cone/bowl.",2
10/9/2020 20:42:35,Scott watkins,Female,48,salty,cookies and cream,hot fudge,sugar cone/bowl,1
10/9/2020 20:43:47,Scott (Collier?),Female,55,salty,mint,caramel,waffle cone/bowl,1
10/9/2020 20:46:03,Scott,Female,40,sweet,chocolate,"nuts, whipped cream",cake cone/bowl,2
10/9/2020 21:03:27,Scott,Male,51,salty,cookies and cream,"sprinkles, caramel, gummies, M&Ms (or other chocolate candies), nuts, whipped cream",sugar cone/bowl,2
10/9/2020 21:11:09,Matt,Male,17,savory,chocolate,"nuts, whipped cream, cherry on top",waffle cone/bowl,3
10/9/2020 21:13:47,Scott,Female,46,sweet,chocolate,M&Ms (or other chocolate candies),waffle cone/bowl,1
10/9/2020 21:14:24,Scott Watkins,Female,49,sweet,chocolate,"sprinkles, hot fudge",cake cone/bowl,1
10/9/2020 21:15:47,Lois,Female,32,savory,cookies and cream,"hot fudge, M&Ms (or other chocolate candies), whipped cream",waffle cone/bowl,2
10/9/2020 21:21:53,David Sorenson ,Female,80,sweet,vanilla,"hot fudge, nuts, cherry on top","just a cup, please. No cone/bowl.",1
10/9/2020 21:32:36,Scott,Female,51,sweet,cookies and cream,"caramel, hot fudge, M&Ms (or other chocolate candies), whipped cream",sugar cone/bowl,2
10/9/2020 21:45:07,Amber,Female,38,sweet,cookie dough,"caramel, hot fudge, whipped cream",waffle cone/bowl,1
10/9/2020 21:55:09,Scott,Female,37,salty,chocolate,"sprinkles, hot fudge, whipped cream",waffle cone/bowl,1
10/9/2020 22:14:26,Scott,Female,49,salty,vanilla,nuts,"just a cup, please. No cone/bowl.",2
10/9/2020 22:44:12,Scott,Female,43,sweet,chocolate,"caramel, hot fudge, M&Ms (or other chocolate candies), whipped cream","just a cup, please. No cone/bowl.",2
10/9/2020 23:17:06,Joyce,Female,57,sweet,sherbet (any flavor),caramel,waffle cone/bowl,2
10/9/2020 23:17:36,Scott Watkins,Female,47,sweet,strawberry,"caramel, M&Ms (or other chocolate candies), cherry on top",waffle cone/bowl,2
10/9/2020 23:18:19,David,Female,7,sweet,sherbet (any flavor),"sprinkles, gummies, whipped cream",waffle cone/bowl,1
10/9/2020 23:19:13,David,Female,5,sweet,chocolate,"sprinkles, caramel, hot fudge, M&Ms (or other chocolate candies), whipped cream",waffle cone/bowl,1
10/9/2020 23:21:54,Scott Watkins,Female,46,sweet,mint,"sprinkles, caramel, hot fudge, nuts, whipped cream",waffle cone/bowl,2
10/9/2020 23:23:38,Scott Watkins ,Male,8,sweet,cookies and cream,"sprinkles, caramel, hot fudge, whipped cream","just a cup, please. No cone/bowl.",1
10/9/2020 23:24:58,Scott Watkins,Male,10,savory,sherbet (any flavor),nuts,"just a cup, please. No cone/bowl.",3
10/9/2020 23:26:01,Scott Watkins,Male,49,salty,salted caramel or butterscotch,"nuts, whipped cream","just a cup, please. No cone/bowl.",2
10/9/2020 23:31:13,,Female,48,sweet,cookies and cream,"caramel, whipped cream","just a cup, please. No cone/bowl.",3
10/9/2020 23:32:10,Scott Watkins,Female,48,sweet,cookies and cream,"caramel, whipped cream","just a cup, please. No cone/bowl.",3
10/9/2020 23:43:27,Scott,Female,57,sweet,cookies and cream,caramel,waffle cone/bowl,1
10/9/2020 23:44:05,Scott,Female,43,sweet,chocolate,"caramel, nuts",cake cone/bowl,2
10/10/2020 0:02:10,David,Male,40,sweet,vanilla,"caramel, M&Ms (or other chocolate candies)",waffle cone/bowl,2
10/10/2020 0:09:15,Geraldo,Male,22,savory,strawberry,caramel,"just a cup, please. No cone/bowl.",3
10/10/2020 0:27:12,Scott,Female,46,sweet,sherbet (any flavor),cherry on top,waffle cone/bowl,1
10/10/2020 1:39:59,Scott Watkins,Male,46,sweet,cookie dough,"sprinkles, hot fudge, M&Ms (or other chocolate candies)","just a cup, please. No cone/bowl.",2
10/10/2020 4:43:41,Julie Reid ,Female,63,sweet,salted caramel or butterscotch,caramel,"just a cup, please. No cone/bowl.",2
10/10/2020 6:50:48,Scott Watkins,Female,38,sweet,cookie dough,"caramel, hot fudge",waffle cone/bowl,3
10/10/2020 7:22:28,Scott,Female,52,sweet,cookie dough,"caramel, hot fudge, whipped cream",waffle cone/bowl,1
10/10/2020 7:32:03,Scott Watkins,Female,78,salty,vanilla,caramel,"just a cup, please. No cone/bowl.",2
10/10/2020 7:34:24,Scott,Male,56,sweet,salted caramel or butterscotch,hot fudge,waffle cone/bowl,2
10/10/2020 7:43:13,Scott,Male,58,sweet,cookies and cream,"hot fudge, nuts",waffle cone/bowl,2
10/10/2020 7:47:19,David,Male,49,sweet,vanilla,"sprinkles, caramel, nuts",waffle cone/bowl,2
10/10/2020 7:49:48,David Sorenson,Male,47,sweet,cookie dough,"caramel, hot fudge, nuts, whipped cream, cherry on top",waffle cone/bowl,2
10/10/2020 7:52:41,David,Female,44,sweet,cookies and cream,hot fudge,"just a cup, please. No cone/bowl.",1
10/10/2020 8:06:11,Scott,Male,39,salty,vanilla,caramel,cake cone/bowl,1
10/10/2020 8:09:10,David Sorenson ,Female,36,savory,cookies and cream,nuts,waffle cone/bowl,3
10/10/2020 8:14:59,Scott,Female,36,sweet,chocolate,"caramel, hot fudge, whipped cream",waffle cone/bowl,2
10/10/2020 8:40:06,Scott,Female,46,sweet,sherbet (any flavor),nuts,waffle cone/bowl,2
10/10/2020 9:46:40,David,Female,63,salty,salted caramel or butterscotch,"hot fudge, nuts, whipped cream",sugar cone/bowl,2
10/10/2020 10:52:26,Melissa Fugazza,Female,41,sweet,chocolate,"caramel, hot fudge, whipped cream, cherry on top",waffle cone/bowl,2
10/10/2020 11:12:17,Scott,Male,26,salty,salted caramel or butterscotch,cherry on top,"just a cup, please. No cone/bowl.",3
10/10/2020 12:23:57,Scott Watkins,Female,48,sweet,chocolate,"caramel, hot fudge, gummies, nuts",waffle cone/bowl,2
10/10/2020 13:15:35,Scott,Female,37,sweet,cookie dough,"caramel, nuts, whipped cream, cherry on top",waffle cone/bowl,2
10/10/2020 14:30:25,Scott,Female,35,sweet,chocolate,nuts,cake cone/bowl,3
10/10/2020 15:17:22,David,Female,63,sweet,vanilla,"sprinkles, nuts, whipped cream",waffle cone/bowl,1
10/10/2020 15:58:25,Scott,Female,45,salty,vanilla,hot fudge,"just a cup, please. No cone/bowl.",1
10/10/2020 16:20:34,Dee Winegar,Male,42,savory,cookies and cream,"caramel, gummies",waffle cone/bowl,3
10/10/2020 16:21:09,David sorenson,Male,33,salty,chocolate,"caramel, hot fudge, nuts, whipped cream",waffle cone/bowl,2
10/10/2020 16:39:37,,Female,33,sweet,cookie dough,"nuts, whipped cream, cherry on top","just a cup, please. No cone/bowl.",2
10/10/2020 16:44:57,Scott,Female,53,salty,vanilla,"hot fudge, nuts, whipped cream, cherry on top",waffle cone/bowl,2
10/10/2020 16:45:37,,Female,43,savory,mint,gummies,waffle cone/bowl,3
10/10/2020 16:53:37,Scott,Female,34,sweet,cookies and cream,"caramel, hot fudge, nuts",waffle cone/bowl,1
10/10/2020 17:22:23,Scott ,Female,69,sweet,salted caramel or butterscotch,whipped cream,waffle cone/bowl,2
10/10/2020 17:44:29,Scott,Female,54,sweet,salted caramel or butterscotch,"caramel, M&Ms (or other chocolate candies), nuts, whipped cream, cherry on top",sugar cone/bowl,2
10/10/2020 17:46:25,Scott,Female,34,salty,mint,nuts,"just a cup, please. No cone/bowl.",2
10/10/2020 18:08:41,Scott,Female,32,sweet,vanilla,"hot fudge, nuts, whipped cream",cake cone/bowl,2
10/10/2020 18:18:41,Scott,Male,35,salty,salted caramel or butterscotch,hot fudge,waffle cone/bowl,2
10/10/2020 18:48:30,Scott,Female,41,sweet,vanilla,"caramel, hot fudge, M&Ms (or other chocolate candies)",waffle cone/bowl,3
10/10/2020 18:56:45,Scott,Female,64,sweet,strawberry,"caramel, nuts, whipped cream, cherry on top",waffle cone/bowl,2
10/10/2020 18:59:00,Scott,Female,60,salty,vanilla,"hot fudge, nuts",cake cone/bowl,2
10/10/2020 19:02:24,Scott,Female,30,sweet,vanilla,caramel,"just a cup, please. No cone/bowl.",2
10/10/2020 19:20:13,Scott,Female,44,sweet,chocolate,"caramel, hot fudge, M&Ms (or other chocolate candies)","just a cup, please. No cone/bowl.",1
10/10/2020 19:26:22,David,Female,69,salty,chocolate,"caramel, hot fudge, nuts, whipped cream, cherry on top","just a cup, please. No cone/bowl.",1
10/10/2020 19:48:57,Scott,Female,29,salty,cookie dough,hot fudge,"just a cup, please. No cone/bowl.",2
10/10/2020 20:11:47,Scott,Female,32,sweet,cookie dough,"hot fudge, M&Ms (or other chocolate candies)",waffle cone/bowl,2
10/10/2020 20:15:36,,Female,35,sweet,salted caramel or butterscotch,"caramel, hot fudge, nuts, whipped cream, cherry on top",waffle cone/bowl,1
10/10/2020 20:31:44,Scott,Male,26,sweet,cookies and cream,"caramel, hot fudge, whipped cream, cherry on top","just a cup, please. No cone/bowl.",3
10/10/2020 21:13:38,Scott,Female,45,salty,cookie dough,"caramel, hot fudge, M&Ms (or other chocolate candies)","just a cup, please. No cone/bowl.",1
10/10/2020 22:05:39,,Male,69,sweet,strawberry,hot fudge,waffle cone/bowl,3
10/10/2020 22:09:27,Scott,Female,52,sweet,mint,"caramel, hot fudge, M&Ms (or other chocolate candies), nuts, whipped cream, cherry on top",waffle cone/bowl,2
10/10/2020 22:35:35,Scott,Female,36,sweet,cookies and cream,hot fudge,waffle cone/bowl,1
10/10/2020 22:47:22,Scott,Female,66,savory,sherbet (any flavor),nuts,cake cone/bowl,1
10/10/2020 22:51:08,Scott,Female,46,sweet,vanilla,hot fudge,"just a cup, please. No cone/bowl.",2
10/10/2020 22:55:53,Scott,Female,25,sweet,cookie dough,hot fudge,"just a cup, please. No cone/bowl.",2
10/11/2020 6:28:08,Scott,Prefer not to say,41,sweet,cookies and cream,hot fudge,"just a cup, please. No cone/bowl.",2
10/11/2020 7:04:35,Scott,Female,47,savory,mint,"hot fudge, nuts, cherry on top",waffle cone/bowl,1
10/11/2020 7:06:25,Scott,Female,53,salty,salted caramel or butterscotch,"caramel, hot fudge",waffle cone/bowl,2
10/11/2020 8:01:16,,Female,53,sweet,cookie dough,"sprinkles, caramel, whipped cream, cherry on top",waffle cone/bowl,2
10/11/2020 9:22:21,Scott,Female,43,sweet,cookie dough,"caramel, M&Ms (or other chocolate candies)",waffle cone/bowl,2
10/11/2020 9:55:21,Scott,Female,65,sweet,salted caramel or butterscotch,"caramel, hot fudge, nuts",sugar cone/bowl,2
10/11/2020 11:00:09,Scott,Female,28,savory,cookie dough,"hot fudge, whipped cream, cherry on top",waffle cone/bowl,1
10/11/2020 12:24:41,David,Female,69,salty,sherbet (any flavor),"hot fudge, nuts, whipped cream, cherry on top",waffle cone/bowl,2
10/11/2020 13:58:08,Scott,Female,41,savory,vanilla,nuts,waffle cone/bowl,2
10/11/2020 14:59:45,Scott,Male,18,sweet,chocolate,M&Ms (or other chocolate candies),waffle cone/bowl,2
10/11/2020 16:58:03,Scott,Female,35,salty,cookie dough,"caramel, hot fudge",waffle cone/bowl,2
10/11/2020 17:04:59,Scott,Male,45,sweet,vanilla,caramel,waffle cone/bowl,2
10/11/2020 17:22:56,David,Female,68,sweet,chocolate,"caramel, hot fudge","just a cup, please. No cone/bowl.",3
10/11/2020 20:51:56,Scott,Female,11,sweet,cookie dough,M&Ms (or other chocolate candies),sugar cone/bowl,3
10/12/2020 12:06:21,Scott,Female,50,sweet,vanilla,"hot fudge, nuts","just a cup, please. No cone/bowl.",1
10/12/2020 13:24:22,Izzy,Female,13,savory,strawberry,"hot fudge, nuts, whipped cream",waffle cone/bowl,2
10/12/2020 13:25:10,Owen,Female,42,sweet,chocolate,whipped cream,"just a cup, please. No cone/bowl.",3
10/12/2020 13:26:16,Owen,Female,37,sweet,cookies and cream,"hot fudge, gummies, nuts, whipped cream",waffle cone/bowl,2
10/12/2020 13:30:16,Owen,Male,40,sweet,chocolate,nuts,waffle cone/bowl,2
10/12/2020 13:32:57,Nephi,Female,42,sweet,cookies and cream,"caramel, hot fudge, whipped cream",waffle cone/bowl,3
10/12/2020 13:34:40,Sunny,Female,44,sweet,cookie dough,"sprinkles, caramel, hot fudge, nuts, whipped cream, cherry on top",sugar cone/bowl,3
10/12/2020 13:35:48,Sunny,Female,4,sweet,chocolate,"sprinkles, caramel, hot fudge, gummies, M&Ms (or other chocolate candies), whipped cream",sugar cone/bowl,2
10/12/2020 13:36:02,Nephi,Male,40,sweet,vanilla,nuts,waffle cone/bowl,3
10/12/2020 13:38:30,Owen ,Female,42,sweet,chocolate,,"just a cup, please. No cone/bowl.",2
10/12/2020 13:42:19,Nephi,Female,43,sweet,salted caramel or butterscotch,"caramel, hot fudge","just a cup, please. No cone/bowl.",2
10/12/2020 13:43:52,Nephi ,Female,35,savory,mint,gummies,waffle cone/bowl,2
10/12/2020 13:44:52,Nephi Peterson,Female,45,savory,cookie dough,hot fudge,"just a cup, please. No cone/bowl.",2
10/12/2020 13:45:36,Nephi,Female,35,savory,vanilla,"caramel, hot fudge, nuts",waffle cone/bowl,1
10/12/2020 13:46:29,Owen,Female,30,sweet,chocolate,"hot fudge, whipped cream","just a cup, please. No cone/bowl.",2
10/12/2020 13:47:44,Nephi,Female,46,sweet,cookies and cream,"hot fudge, nuts","just a cup, please. No cone/bowl.",3
10/12/2020 13:47:46,Nephi,Female,39,sweet,chocolate,"hot fudge, M&Ms (or other chocolate candies)",waffle cone/bowl,2
10/12/2020 13:48:24,Owen,Male,35,sweet,cookies and cream,,"just a cup, please. No cone/bowl.",3
10/12/2020 13:49:55,Nephi,Male,40,sweet,vanilla,"caramel, hot fudge, M&Ms (or other chocolate candies), whipped cream",waffle cone/bowl,3
10/12/2020 13:50:56,Owen,Female,37,savory,vanilla,,waffle cone/bowl,1
10/12/2020 13:51:02,Iwen,Male,59,sweet,chocolate,hot fudge,"just a cup, please. No cone/bowl.",3
10/12/2020 13:51:47,,Prefer not to say,33,sweet,vanilla,"hot fudge, whipped cream, cherry on top",sugar cone/bowl,2
10/12/2020 13:52:53,Owen,Male,12,sweet,vanilla,"caramel, hot fudge",waffle cone/bowl,3
10/12/2020 13:54:54,Owen,Female,45,sweet,salted caramel or butterscotch,"caramel, hot fudge, M&Ms (or other chocolate candies), nuts, whipped cream",waffle cone/bowl,1
10/12/2020 13:55:01,Owen,Male,9,sweet,vanilla,"gummies, nuts, cherry on top",sugar cone/bowl,3
10/12/2020 13:56:37,Nephi,Female,48,sweet,salted caramel or butterscotch,M&Ms (or other chocolate candies),waffle cone/bowl,2
10/12/2020 13:57:14,Owen,Male,35,sweet,cookies and cream,"hot fudge, cherry on top",waffle cone/bowl,2
10/12/2020 13:57:38,Owen Avenius ,Male,39,savory,chocolate,nuts,waffle cone/bowl,1
10/12/2020 13:57:45,Owen,Female,4,sweet,strawberry,,waffle cone/bowl,3
10/12/2020 13:58:44,Owen ,Female,31,savory,strawberry,,waffle cone/bowl,1
10/12/2020 13:59:31,Nephi,Male,40,savory,sherbet (any flavor),,"just a cup, please. No cone/bowl.",1
10/12/2020 14:00:34,Nephi,Female,44,sweet,mint,,waffle cone/bowl,3
10/12/2020 14:02:12,Nephi,Female,65,sweet,chocolate,"caramel, hot fudge","just a cup, please. No cone/bowl.",2
10/12/2020 14:02:29,David Sorenson,Female,36,salty,salted caramel or butterscotch,"caramel, hot fudge",waffle cone/bowl,3
10/12/2020 14:02:45,Nephi,Female,44,salty,salted caramel or butterscotch,cherry on top,waffle cone/bowl,2
10/12/2020 14:02:53,Owen,Male,37,savory,cookies and cream,"caramel, M&Ms (or other chocolate candies), whipped cream",waffle cone/bowl,2
10/12/2020 14:03:07,Nephi,Female,42,sweet,cookie dough,caramel,waffle cone/bowl,2
10/12/2020 14:03:24,Nephi,Female,10,sweet,mint,sprinkles,waffle cone/bowl,2
10/12/2020 14:08:05,Nephi,Female,44,sweet,cookies and cream,hot fudge,waffle cone/bowl,2
10/12/2020 14:09:04,Nephi Peterson,Male,47,sweet,mint,M&Ms (or other chocolate candies),"just a cup, please. No cone/bowl.",3
10/12/2020 14:09:34,Owen,Female,7,savory,strawberry,whipped cream,"just a cup, please. No cone/bowl.",2
10/12/2020 14:12:41,Owen,Male,35,salty,sherbet (any flavor),"caramel, gummies","just a cup, please. No cone/bowl.",2
10/12/2020 14:13:12,Nephi Petersen,Female,47,sweet,chocolate,"hot fudge, M&Ms (or other chocolate candies), whipped cream",sugar cone/bowl,2
10/12/2020 14:14:02,Owen,Female,4,sweet,strawberry,cherry on top,sugar cone/bowl,3
10/12/2020 14:15:31,Scott,Male,49,sweet,vanilla,"caramel, M&Ms (or other chocolate candies)","just a cup, please. No cone/bowl.",3
10/12/2020 14:15:46,Nephi,Female,44,salty,chocolate,"whipped cream, cherry on top","just a cup, please. No cone/bowl.",1
10/12/2020 14:16:09,,Female,40,sweet,chocolate,"M&Ms (or other chocolate candies), whipped cream",waffle cone/bowl,1
10/12/2020 14:16:52,TOR,Male,45,sweet,cookies and cream,nuts,waffle cone/bowl,3
10/12/2020 14:19:22,Owen Avenius ,Male,39,salty,chocolate,M&Ms (or other chocolate candies),waffle cone/bowl,3
10/12/2020 14:23:17,Nephi,Female,38,sweet,cookies and cream,"caramel, hot fudge, nuts, whipped cream, cherry on top",waffle cone/bowl,2
10/12/2020 14:25:03,Scott,Female,44,sweet,mint,hot fudge,waffle cone/bowl,2
10/12/2020 14:25:33,Nephi,Female,40,sweet,cookies and cream,,waffle cone/bowl,2
10/12/2020 14:29:34,Owen,Male,44,savory,cookies and cream,"caramel, hot fudge, nuts","just a cup, please. No cone/bowl.",3
10/12/2020 14:31:09,Colleen,Female,47,sweet,cookie dough,"M&Ms (or other chocolate candies), whipped cream, cherry on top",cake cone/bowl,1
10/12/2020 14:33:14,Nephi,Female,54,savory,sherbet (any flavor),nuts,waffle cone/bowl,2
10/12/2020 14:33:28,Nephi,Female,57,sweet,vanilla,hot fudge,waffle cone/bowl,2
10/12/2020 14:39:40,Owen ,Female,22,sweet,mint,"hot fudge, gummies, nuts","just a cup, please. No cone/bowl.",2
10/12/2020 14:43:01,Nephi ,Female,45,savory,mint,"hot fudge, whipped cream",waffle cone/bowl,2
10/12/2020 14:46:05,Owen,Female,38,salty,salted caramel or butterscotch,caramel,waffle cone/bowl,2
10/12/2020 14:46:59,Nephew Petersen,Female,70,sweet,vanilla,caramel,waffle cone/bowl,2
10/12/2020 14:50:22,Owen,Male,5,savory,sherbet (any flavor),"sprinkles, whipped cream",cake cone/bowl,2
10/12/2020 14:51:02,Owen,Female,37,salty,mint,caramel,waffle cone/bowl,1
10/12/2020 15:18:09,Owen,Male,50,sweet,cookie dough,"caramel, hot fudge, nuts",waffle cone/bowl,2
10/12/2020 15:19:31,Nephi,Male,72,sweet,vanilla,"caramel, hot fudge, whipped cream, cherry on top",waffle cone/bowl,2
10/12/2020 15:30:29,Owen,Male,34,sweet,chocolate,nuts,waffle cone/bowl,2
10/12/2020 15:31:04,Nephi,Female,37,sweet,cookie dough,,waffle cone/bowl,3
10/12/2020 15:33:33,Nephi,Female,8,sweet,cookie dough,"sprinkles, hot fudge, gummies, M&Ms (or other chocolate candies), cherry on top","just a cup, please. No cone/bowl.",3
10/12/2020 15:42:55,Nephi,Female,45,savory,salted caramel or butterscotch,"caramel, hot fudge, M&Ms (or other chocolate candies), nuts, whipped cream, cherry on top",waffle cone/bowl,3
10/12/2020 15:51:17,Owen,Male,11,salty,cookies and cream,"caramel, gummies, M&Ms (or other chocolate candies)",waffle cone/bowl,2
10/12/2020 15:52:21,Owen,Male,15,sweet,cookie dough,M&Ms (or other chocolate candies),waffle cone/bowl,1
10/12/2020 15:59:35,Nephi Peterson,Female,55,savory,vanilla,"caramel, nuts",waffle cone/bowl,3
10/12/2020 16:06:38,Nephi Petersen ,Female,68,savory,chocolate,"caramel, hot fudge",waffle cone/bowl,2
10/12/2020 16:19:25,Phil,Male,39,sweet,chocolate,"caramel, hot fudge, M&Ms (or other chocolate candies), nuts",waffle cone/bowl,3
10/12/2020 16:20:17,,Male,38,sweet,mint,hot fudge,"just a cup, please. No cone/bowl.",3
10/12/2020 16:20:34,Rebecca,Female,36,savory,vanilla,"sprinkles, caramel, hot fudge, M&Ms (or other chocolate candies), nuts, whipped cream, cherry on top",waffle cone/bowl,3
10/12/2020 16:21:59,Nephi,Female,40,sweet,chocolate,"caramel, hot fudge, gummies, M&Ms (or other chocolate candies), nuts, whipped cream",waffle cone/bowl,2
10/12/2020 16:58:32,,Female,45,sweet,strawberry,"caramel, hot fudge, M&Ms (or other chocolate candies)",sugar cone/bowl,2
10/12/2020 17:11:05,Nephi,Female,47,savory,salted caramel or butterscotch,"caramel, gummies, nuts",waffle cone/bowl,1
10/12/2020 17:12:16,Nephi,Female,41,sweet,chocolate,M&Ms (or other chocolate candies),waffle cone/bowl,2
10/12/2020 17:14:45,Owen ,Female,34,sweet,cookie dough,"caramel, hot fudge, whipped cream, cherry on top","just a cup, please. No cone/bowl.",2
10/12/2020 17:19:49,Nephi,Male,73,salty,salted caramel or butterscotch,"caramel, hot fudge, M&Ms (or other chocolate candies), nuts, whipped cream",waffle cone/bowl,3
10/12/2020 17:20:23,Nephi,Male,47,savory,vanilla,"hot fudge, nuts","just a cup, please. No cone/bowl.",2
10/12/2020 17:31:23,Nephi Peterson ,Female,46,savory,mint,"caramel, hot fudge, nuts, whipped cream, cherry on top",waffle cone/bowl,2
10/12/2020 17:51:19,Nephi,Female,33,savory,mint,,waffle cone/bowl,1
10/12/2020 18:04:32,Owen,Female,35,sweet,chocolate,"caramel, hot fudge, whipped cream",sugar cone/bowl,1
10/12/2020 18:32:29,Nephi,Female,68,sweet,chocolate,"hot fudge, nuts, whipped cream, cherry on top","just a cup, please. No cone/bowl.",2
10/12/2020 18:35:35,Nephi,Female,46,sweet,cookies and cream,"sprinkles, caramel, M&Ms (or other chocolate candies), whipped cream, cherry on top",sugar cone/bowl,1
10/12/2020 18:55:23,Nephi,Male,47,sweet,sherbet (any flavor),"caramel, hot fudge, M&Ms (or other chocolate candies), nuts, whipped cream, cherry on top","just a cup, please. No cone/bowl.",3
10/12/2020 18:57:00,Nephi,Female,9,sweet,vanilla,"sprinkles, caramel, hot fudge, M&Ms (or other chocolate candies), nuts, whipped cream, cherry on top",waffle cone/bowl,3
10/12/2020 18:58:45,Shayla,Female,24,salty,strawberry,"caramel, nuts, whipped cream, cherry on top",waffle cone/bowl,2
10/12/2020 19:00:55,Nephi,Female,54,sweet,chocolate,"sprinkles, hot fudge, M&Ms (or other chocolate candies), nuts, whipped cream, cherry on top",waffle cone/bowl,1
10/12/2020 19:22:02,Owen,Male,37,savory,cookies and cream,"caramel, M&Ms (or other chocolate candies), whipped cream",waffle cone/bowl,2
10/12/2020 19:30:39,Nephi,Female,42,sweet,cookies and cream,"caramel, hot fudge, whipped cream",waffle cone/bowl,3
10/12/2020 19:32:26,Nephi,Female,48,savory,cookie dough,,sugar cone/bowl,2
10/12/2020 19:33:17,Nephi,Male,14,salty,vanilla,"caramel, hot fudge, gummies, whipped cream",waffle cone/bowl,3
10/12/2020 20:08:30,Owen,Male,43,savory,cookies and cream,caramel,waffle cone/bowl,2
10/12/2020 20:10:46,Owen,Female,8,sweet,cookies and cream,"sprinkles, M&Ms (or other chocolate candies), whipped cream",waffle cone/bowl,3
10/12/2020 20:11:44,Owen,Male,10,salty,cookies and cream,"sprinkles, M&Ms (or other chocolate candies), whipped cream","just a cup, please. No cone/bowl.",2
10/12/2020 20:13:29,Owen,Male,12,savory,vanilla,,"just a cup, please. No cone/bowl.",3
10/12/2020 20:29:10,Nephi,Male,40,sweet,sherbet (any flavor),"caramel, hot fudge, M&Ms (or other chocolate candies), whipped cream, cherry on top",waffle cone/bowl,2
10/12/2020 20:31:20,Ryan,Female,39,sweet,cookies and cream,"caramel, hot fudge","just a cup, please. No cone/bowl.",3
10/12/2020 20:36:47,Ryan,Female,39,sweet,vanilla,"hot fudge, cherry on top","just a cup, please. No cone/bowl.",1
10/12/2020 20:36:55,Ryan ,Female,13,sweet,mint,cherry on top,waffle cone/bowl,2
10/12/2020 20:38:08,Ryan,Female,42,sweet,cookies and cream,,waffle cone/bowl,3
10/12/2020 20:39:17,,Female,65,sweet,vanilla,"hot fudge, nuts, whipped cream, cherry on top",waffle cone/bowl,2
10/12/2020 20:40:44,Ryan,Male,43,sweet,chocolate,"caramel, M&Ms (or other chocolate candies), whipped cream, cherry on top",waffle cone/bowl,2
10/12/2020 20:40:46,Nephi,Female,39,sweet,cookie dough,,waffle cone/bowl,1
10/12/2020 20:40:50,Ryan Christopherson,Female,34,sweet,salted caramel or butterscotch,"caramel, hot fudge, nuts, whipped cream, cherry on top",waffle cone/bowl,3
10/12/2020 20:41:58,Ryan Christopherson,Female,40,sweet,cookie dough,"caramel, hot fudge, M&Ms (or other chocolate candies), nuts, whipped cream",waffle cone/bowl,3
10/12/2020 20:52:27,Ryan,Male,40,sweet,cookies and cream,,waffle cone/bowl,2
10/12/2020 20:53:59,Ryan,Female,7,sweet,cookie dough,"sprinkles, gummies","just a cup, please. No cone/bowl.",3
10/12/2020 20:57:58,Ryan c,Male,69,savory,vanilla,hot fudge,"just a cup, please. No cone/bowl.",3
10/12/2020 20:58:25,Claire,Female,7,salty,vanilla,"caramel, M&Ms (or other chocolate candies), whipped cream, cherry on top",cake cone/bowl,3
10/12/2020 20:59:28,Ryan,Female,42,sweet,chocolate,nuts,"just a cup, please. No cone/bowl.",3
10/12/2020 21:00:18,Ryan,Male,36,sweet,mint,M&Ms (or other chocolate candies),waffle cone/bowl,2
10/12/2020 21:00:43,Nephi ,Female,47,sweet,vanilla,nuts,"just a cup, please. No cone/bowl.",1
10/12/2020 21:00:52,Ryan,Female,12,sweet,cookie dough,"caramel, hot fudge, cherry on top",sugar cone/bowl,2
10/12/2020 21:03:18,Ryan,Male,9,sweet,chocolate,"hot fudge, M&Ms (or other chocolate candies), whipped cream, cherry on top",waffle cone/bowl,3
10/12/2020 21:04:08,Joan,Female,68,sweet,vanilla,hot fudge,waffle cone/bowl,3
10/12/2020 21:04:13,Ryan,Female,7,salty,vanilla,"caramel, hot fudge, whipped cream, cherry on top",sugar cone/bowl,3
10/12/2020 21:05:36,Ryan,Female,34,savory,vanilla,"caramel, hot fudge","just a cup, please. No cone/bowl.",3
10/12/2020 21:06:20,Ryan,Male,15,salty,cookies and cream,,waffle cone/bowl,1
10/12/2020 21:09:49,Ryan,Female,15,sweet,vanilla,"caramel, gummies, nuts, whipped cream","just a cup, please. No cone/bowl.",3
10/12/2020 21:12:20,Ryan ,Female,40,sweet,chocolate,nuts,waffle cone/bowl,2
10/12/2020 21:15:45,Ryan C,Female,50,savory,vanilla,"hot fudge, nuts, whipped cream",cake cone/bowl,1
10/12/2020 21:19:22,Ryan,Female,39,sweet,cookies and cream,"caramel, hot fudge","just a cup, please. No cone/bowl.",3
10/12/2020 21:32:18,Owen,Female,41,salty,sherbet (any flavor),,waffle cone/bowl,2
10/12/2020 21:33:00,Nephi,Female,49,sweet,chocolate,hot fudge,"just a cup, please. No cone/bowl.",2
10/12/2020 21:34:01,Owen,Male,43,sweet,cookies and cream,"caramel, hot fudge, M&Ms (or other chocolate candies), nuts, whipped cream",waffle cone/bowl,3
10/12/2020 21:42:24,Nephi Petersen,Female,42,sweet,cookies and cream,"caramel, hot fudge, whipped cream","just a cup, please. No cone/bowl.",1
10/12/2020 21:42:44,Ryan,Female,48,sweet,cookies and cream,"caramel, hot fudge",waffle cone/bowl,2
10/12/2020 21:47:33,Ryan,Male,43,salty,cookies and cream,"hot fudge, whipped cream",waffle cone/bowl,2
10/12/2020 21:54:00,Ryan,Female,16,savory,mint,"caramel, hot fudge, M&Ms (or other chocolate candies), whipped cream, cherry on top",cake cone/bowl,3
10/12/2020 21:58:39,Ryan,Male,15,salty,vanilla,,"just a cup, please. No cone/bowl.",2
10/12/2020 21:59:21,Ryan ,Male,3,sweet,sherbet (any flavor),M&Ms (or other chocolate candies),sugar cone/bowl,3
10/12/2020 21:59:56,Ryan,Male,12,sweet,cookie dough,M&Ms (or other chocolate candies),waffle cone/bowl,3
10/12/2020 22:00:46,Ryan ,Female,41,salty,salted caramel or butterscotch,hot fudge,"just a cup, please. No cone/bowl.",1
10/12/2020 22:14:42,Ryan,Female,51,sweet,chocolate,"caramel, hot fudge, M&Ms (or other chocolate candies)","just a cup, please. No cone/bowl.",2
10/12/2020 22:19:10,Nephi ,Female,53,sweet,mint,,waffle cone/bowl,2
10/12/2020 22:25:08,,Female,38,salty,mint,,waffle cone/bowl,1
10/12/2020 22:45:35,Nephi,Female,46,salty,sherbet (any flavor),"whipped cream, cherry on top",sugar cone/bowl,2
10/12/2020 23:04:34,Christopherson ,Female,16,savory,mint,"caramel, hot fudge, M&Ms (or other chocolate candies), whipped cream, cherry on top",waffle cone/bowl,2
10/12/2020 23:20:20,Ryan Christopherson ,Female,43,salty,chocolate,"hot fudge, whipped cream","just a cup, please. No cone/bowl.",1
10/12/2020 23:22:18,Nephi,Female,50,sweet,cookie dough,,"just a cup, please. No cone/bowl.",3
10/12/2020 23:30:51,Nephi,Female,35,sweet,chocolate,,"just a cup, please. No cone/bowl.",2
10/12/2020 23:31:22,Nephi,Female,43,sweet,salted caramel or butterscotch,,"just a cup, please. No cone/bowl.",1
10/13/2020 0:46:08,Owen,Male,34,sweet,chocolate,nuts,waffle cone/bowl,2
10/13/2020 1:14:59,Nephi,Female,42,sweet,chocolate,"caramel, hot fudge, M&Ms (or other chocolate candies)","just a cup, please. No cone/bowl.",2
10/13/2020 1:31:57,Ryan,Female,36,sweet,salted caramel or butterscotch,,"just a cup, please. No cone/bowl.",1
10/13/2020 6:20:39,Scott,Female,42,sweet,salted caramel or butterscotch,"caramel, gummies, M&Ms (or other chocolate candies), cherry on top","just a cup, please. No cone/bowl.",1
10/13/2020 6:29:45,Ryan,Female,66,sweet,salted caramel or butterscotch,"caramel, hot fudge",sugar cone/bowl,1
10/13/2020 6:44:30,Jonathan,Female,38,salty,cookie dough,"hot fudge, nuts, whipped cream, cherry on top","just a cup, please. No cone/bowl.",1
10/13/2020 6:45:32,Nephi,Female,38,salty,cookie dough,"hot fudge, nuts, whipped cream, cherry on top","just a cup, please. No cone/bowl.",1
10/13/2020 7:36:03,Master Owen,Male,40,savory,chocolate,,waffle cone/bowl,2
10/13/2020 7:37:34,Master Owen,Female,6,sweet,strawberry,whipped cream,waffle cone/bowl,3
10/13/2020 7:38:20,Ryan Christopherson,Female,70,salty,vanilla,"hot fudge, nuts",sugar cone/bowl,1
10/13/2020 7:39:18,Master Owen,Female,36,sweet,cookie dough,nuts,waffle cone/bowl,2
10/13/2020 7:40:20,Master Owen,Male,8,savory,vanilla,hot fudge,waffle cone/bowl,3
10/13/2020 7:42:28,Master Owen,Male,10,sweet,strawberry,"sprinkles, hot fudge",waffle cone/bowl,3
10/13/2020 8:36:00,Ryan,Male,34,sweet,cookie dough,"caramel, hot fudge, nuts","just a cup, please. No cone/bowl.",2
10/13/2020 8:41:52,Ryan,Female,10,sweet,vanilla,cherry on top,sugar cone/bowl,3
10/13/2020 8:42:23,Chad,Male,15,savory,vanilla,caramel,"just a cup, please. No cone/bowl.",2
10/13/2020 8:50:41,Ryan Kristofferson aka Lazer,Male,39,sweet,cookie dough,"sprinkles, caramel","just a cup, please. No cone/bowl.",2
10/13/2020 8:59:18,Nephi ,Female,44,salty,strawberry,cherry on top,"just a cup, please. No cone/bowl.",1
10/13/2020 9:08:05,Ryan Christopherson ,Female,16,sweet,chocolate,"caramel, hot fudge, whipped cream, cherry on top",waffle cone/bowl,3
10/13/2020 9:13:45,Ethan,Male,16,salty,strawberry,gummies,waffle cone/bowl,3
10/13/2020 10:53:21,Ryan,Female,25,sweet,cookie dough,"hot fudge, M&Ms (or other chocolate candies), whipped cream",waffle cone/bowl,2
10/13/2020 11:21:19,Owen,Female,37,sweet,cookies and cream,"hot fudge, gummies, nuts, whipped cream",waffle cone/bowl,2
10/13/2020 11:46:05,Vivian,Male,52,savory,salted caramel or butterscotch,caramel,waffle cone/bowl,3
10/13/2020 11:47:32,Ryan,Female,37,salty,cookies and cream,,"just a cup, please. No cone/bowl.",1
10/13/2020 12:08:40,Ryan,Female,45,sweet,chocolate,hot fudge,waffle cone/bowl,1
10/13/2020 12:46:58,Nephi Petersen,Female,59,salty,chocolate,"hot fudge, nuts, whipped cream, cherry on top",waffle cone/bowl,2
10/13/2020 12:56:41,Ryan,Female,34,sweet,cookies and cream,"sprinkles, hot fudge, nuts",waffle cone/bowl,1
10/13/2020 13:05:05,David,Female,64,savory,vanilla,"M&Ms (or other chocolate candies), nuts, whipped cream","just a cup, please. No cone/bowl.",2
10/13/2020 13:15:05,,Female,61,savory,mint,,cake cone/bowl,1
10/13/2020 13:26:45,Ryan Christopherson,Female,49,salty,cookie dough,,"just a cup, please. No cone/bowl.",1
10/13/2020 13:35:17,Owen,Female,33,savory,strawberry,"hot fudge, M&Ms (or other chocolate candies)","just a cup, please. No cone/bowl.",2
10/13/2020 13:42:53,Ryan,Male,10,sweet,cookie dough,gummies,cake cone/bowl,3
10/13/2020 13:43:33,,Female,38,sweet,cookie dough,,"just a cup, please. No cone/bowl.",2
10/13/2020 13:45:25,Ryan ,Male,5,sweet,cookies and cream,gummies,waffle cone/bowl,2
10/13/2020 15:16:48,Owen,Female,67,savory,mint,whipped cream,"just a cup, please. No cone/bowl.",1
10/13/2020 15:23:32,,Male,30,savory,chocolate,caramel,"just a cup, please. No cone/bowl.",1
10/13/2020 15:41:59,Ryan,Male,13,salty,cookies and cream,,"just a cup, please. No cone/bowl.",3
10/13/2020 16:11:57,Owen,Male,25,sweet,chocolate,nuts,sugar cone/bowl,2
10/13/2020 16:45:38,Master Owen,Male,10,sweet,strawberry,"sprinkles, hot fudge",waffle cone/bowl,3
10/13/2020 17:29:38,Nephi,Female,44,savory,chocolate,"hot fudge, nuts, whipped cream, cherry on top","just a cup, please. No cone/bowl.",1
10/13/2020 19:40:53,Scott,Male,56,sweet,chocolate,caramel,"just a cup, please. No cone/bowl.",3
10/13/2020 20:31:27,Ryan c,Male,69,savory,vanilla,hot fudge,"just a cup, please. No cone/bowl.",3
10/14/2020 5:47:40,Ryan Christofferson ,Female,62,sweet,salted caramel or butterscotch,"caramel, hot fudge","just a cup, please. No cone/bowl.",1
10/14/2020 7:42:24,David sorenson ,Male,37,sweet,salted caramel or butterscotch,"caramel, hot fudge, M&Ms (or other chocolate candies), nuts",waffle cone/bowl,1
10/14/2020 8:16:25,Ryan Christopherson,Male,50,savory,vanilla,M&Ms (or other chocolate candies),"just a cup, please. No cone/bowl.",2
10/14/2020 9:10:16,David,Female,65,sweet,chocolate,nuts,"just a cup, please. No cone/bowl.",1
10/14/2020 9:59:19,Ryan Christopherson,Female,54,sweet,chocolate,hot fudge,"just a cup, please. No cone/bowl.",2
10/14/2020 10:31:21,Owen,Male,54,savory,vanilla,hot fudge,cake cone/bowl,3
10/14/2020 11:48:29,Owen,Female,37,salty,mint,caramel,waffle cone/bowl,1
10/14/2020 14:58:13,Owen,Male,43,sweet,salted caramel or butterscotch,"caramel, hot fudge, whipped cream, cherry on top",waffle cone/bowl,2
10/14/2020 15:52:41,Tami,Female,43,sweet,salted caramel or butterscotch,"caramel, hot fudge, nuts, whipped cream, cherry on top","just a cup, please. No cone/bowl.",1
10/14/2020 16:02:45,Owen,Male,42,savory,cookie dough,"caramel, M&Ms (or other chocolate candies), whipped cream",waffle cone/bowl,2
10/14/2020 16:05:54,Owen,Male,12,sweet,vanilla,"hot fudge, gummies","just a cup, please. No cone/bowl.",2
10/14/2020 18:22:21,Owen ,Female,53,sweet,chocolate,"whipped cream, cherry on top",sugar cone/bowl,2
10/14/2020 23:26:50,,Female,45,sweet,strawberry,"caramel, hot fudge, M&Ms (or other chocolate candies)",sugar cone/bowl,2